,公司名稱,,,,,,,,,
客戶代號,簡稱,長名稱,統編,聯絡窗口,電話,送貨地址,發票抬頭,銷貨類別,建檔日期,E-mail
22000,大燈籠,22000 大燈籠,30366201,,(02)2226-1795┃0932-381-104,新北市中和區民享街4682號A棟,大燈籠商行,現金,2023/10/5,
52000,忠德,52000 忠德,,,(02)2759-6418,台北市信義區忠孝東路五段790巷59弄31號,,現金,2023/10/5,
5/000,陳姵伶,5/000 陳姵伶,,,(02)2976-3191┃0932-908-350,新北市三重區仁昌街76號,,月結,2023/10/5,
5J000,周文達(進昇),5J000 周文達(進昇),89236134,,09356-97-375┃(02)2997-9653,桃園市龜山區大崗里下湖街89巷65號,進昇有限公司,月結,2023/10/5,
5T000,朱陳旺,5T000 朱陳旺,,,0988-262-580,,,現金,2023/10/5,
5U000,政誼,5U000 政誼,23467555,,(02)2735-1395,台北市大安區和平東路三段228巷40號,政誼企業有限公司,現金,2023/10/5,
5V000,芳宜,5V000 芳宜,15549054,,(02)2643-4039┃0932-042-943,新北市汐止區汐平路二段66-2號第二倉間,芳宜企業社,月結,2023/10/5,
CF000,合群行,CF000 合群行,76662042,,(02)2462-9611┃(02)2463-1825,"基隆市中正區豐捻街59巷1號
(倉)深澳坑路12號",合群行,月結,2023/10/5,
CG001,駿閣,CG001 駿閣,89461639,Alice,(02)2698-0288,新北市汐止區新台五路一段81號7樓,駿閣企業股份有限公司,現金,2023/10/5,
CM000,華源,CM000 華源,77532321,,(02)2557-2272┃(02)2557-0358,台北市大同區歸綏街237號,華源商行,現金,2023/10/5,
CU001,合奕,CU001 合奕,,,(02)2437-2926┃0935-448-766,基隆市中山區復興路178號,,現金,2023/10/5,
CU006,和溢,CU006 和溢,02132436,,(02)8691-9105┃0920-730-086,新北市汐止區大同路二段511-2號,和溢行,現金,2023/10/5,
CV003,和興,CV003 和興,,,(02)2466-5774┃0922-807-975,基隆市信義區東明路117號,,現金,2023/10/5,
CW000,禾田,CW000 禾田,09979767,,(02)2986-3959┃(02)2988-2990,"新北市三重區力行路一段141號
(庫)三民街272巷27號",禾田商號,月結,2023/10/5,
CX000,紘霖,CX000 紘霖,16726129,,(02)22996-0992,新北市泰山區大科路433-8號,紘霖國際股份有限公司,月結,2023/10/5,
CX003,好鄰居,CX003 好鄰居,41003902,,(02)24528346┃0963-387-279,基隆市七堵區福五街86號,好鄰居免洗餐具百貨行,月結,2023/10/5,
GA000,雙美人,GA000 雙美人,22992877,,(02)2585-3377┃(02)2591-6347,台北市大同區哈密街137號,双美人企業有限公司,現金,2023/10/5,
GR003,水餃店,GR003 水餃店,,,(02)2660-9136,自取,,現金,2023/10/5,
GV001,盛鑫,GV001 盛鑫,47962436,,0980-328-591┃(02)8648-0609,新北市汐止區茄苳路96號1樓,盛鑫糧食行,現金,2023/10/5,
M0000,香香,M0000 香香,26722903,,(02)2221-6191┃0939-898-189,新北市中和區員山路550號,香香美食商行,現金,2023/10/5,
M2002,永達,M2002 永達,92862172,,(02)2963-6737┃(02)2963-0506,新北市板橋區國慶路23號,永達雜糧行,現金,2023/10/5,
MC000,元和,MC000 元和,08595341,,(02)2799-5259┃(02)2799-4765,"台北市內湖區內湖路一段323巷18弄4號
汐止中興路32號",元和免洗餐具行,現金,2023/10/5,
ME000,員工,ME000 員工,,,,,,現金,2023/10/5,
MV004,昱軒,MV004 昱軒,10517461,,(02)2945-9736,新北市中和區捷運路155號,昱軒實業社,月結,2023/10/5,
MW002,元泰,MW002 元泰,,,(02)2922-4450┃(02)2927-8881,新北市永和區保平路18巷3號,,現金,2023/10/5,
RU002,久益,RU002 久益,,,,,,現金,2023/10/5,
RX002,美利達,RX002 美利達,,劉炳宏,(02)2437-7828┃0935-166-289,基隆市中山區中和路168巷13弄31號,,現金,2023/10/5,
T1000,陳寶通,T1000 陳寶通,,,(02)2727-2132,台北市信義區林口街158號,,現金,2023/10/5,
T2001,臭豆腐,T2001 臭豆腐,,,0975-312-698,,,現金,2023/10/5,
TU000,長益,TU000 長益,,,(02)2557-3976┃0933-237-782,台北市大同區安西街56號,,現金,2023/10/5,
UN000,億松,UN000 億松,,,(02)2790-6611,台北市內湖區康寧路一段26巷1號,,現金,2023/10/5,
UR001,優嘉利,UR001 優嘉利,,,(02)2292-3788,新北市五股區工商路201號,優嘉利企業有限公司,現金,2023/10/5,
V2001,鑫達,V2001 鑫達,,,0987-240-475┃(02)2420-1772,基隆市仁愛區龍安街306號(靠近南榮路),,現金,2023/10/5,
VA002,協盟,VA002 協盟,,,(02)2432-6902┃(02)2432-4788,基隆市華二街13號,,現金,2023/10/5,
VC000,信虹,VC000 信虹,,,(02)2261-0397┃(02)2261-2660,新北市土城區延和路102號,,月結,2023/10/5,
VM001,新裕昌,VM001 新裕昌,,,(02)2432-6446┃(02)2432-6639,基隆市仁愛區華三街18號(果菜市場旁),新裕昌雜糧行,現金,2023/10/5,
VZ002,興發,VZ002 興發,,,(02)2783-6941,台北市南港區中南街9號,,現金,2023/10/5,
WM000,太源,WM000 太源,,,(02)2975-7220,新北市三重區自強路一段13號,,現金,2023/10/5,
WY000,太子油飯,WY000 太子油飯,,,(02)2880-5200┃(02)2553-7579,台北市士林區前港街23號(中央廚房),太子油飯股份有限公司,月結,2023/10/5,
XG000,聯昇,XG000 聯昇,,,0935-236-815┃(02)2893-1222,台北市北投區公館路43號,,現金,2023/10/5,
XU001,羅義,XU001 羅義,,,(02)2717-2358,新北市汐止區橫科路407巷77號(F2倉),,月結,2023/10/5,
RJ000,潔威,RJ000 潔威,,,(02)2296-1578┃0932-245-026,新北市五股區民義路一段287巷10-13號,,現金,2023/11/8,
FJ000,全威行,FJ000 全威行,,,0936-179-177┃(02)2457-1899,基隆市暖暖區源遠路249巷104號,,現金,2023/11/8,
MZ000,越豐企業社,MZ000 越豐企業社,,,0938-995-322,新北市五股區中興路二段30之3號,,現金,2023/11/8,
1F000,寶清街,1F000 寶清街,,,0935-679-393┃(02)2762-1789,台北市松山區寶清街89巷20號,,現金,2023/11/8,
M2001,咏鼎,M2001 咏鼎,,,0987-092-501┃(02)2822-7447,台北市北投區自強街5巷109號1樓,咏鼎食品有限公司,現金,2023/11/8,
GU002,雅加達,GU002 雅加達,,,(02)2753-5453,台北市信義區忠孝東路五段423巷42號,,現金,2023/11/8,
MR001,永駿,MR001 永駿,,,(02)2694-5637┃(02)8693-2119,新北市汐止區環河街136-1號,永駿商行,現金,2023/12/4,
,臻旺, 臻旺,,,,,,現金,,
,協飛, 協飛,,,,,,現金,,
,家邦, 家邦,,,,,,現金,,
X2001,力達力,X2001 力達力,27615135,,(02)8985-9988,新北市三重區洛陽街62巷7號,力達力國際貿易有限公司,現金,2023/12/4,
MX001,苑裡米苔目,MX001 苑裡米苔目,,,0987-756-568┃(02)2983-0279,新北市三重區中正北路366號1F,,現金,2023/12/4,
WC001,泰輝,WC001 泰輝,,,0910-331-022┃(02)2947-2755,新北市中和區景平路151巷6號1樓,,現金,2023/12/4,
FU001,詮瑩,FU001 詮瑩,66632246,,(02)2260-4259┃(02)2660-5139,新北市汐止區橫科路407巷77號(G1),詮瑩有限公司,現金,2023/12/4,
,, ,,,,,,,,
,, ,,,,,,,,
,, ,,,,,,,,
,, ,,,,,,,,
,, ,,,,,,,,
,, ,,,,,,,,
,, ,,,,,,,,
,, ,,,,,,,,
,, ,,,,,,,,
,, ,,,,,,,,
,, ,,,,,,,,