貨號,產品名稱,報價單位,"件入數
(箱入數)",包入數,型號,規格,品牌,尺寸,產地
B50001,[ 竹筷 ] 5020 100X27,件,27 包,100 雙,,,,,CN
B50002,[ 竹筷 ] 5020 100X30,件,30 包,100 雙,,,,,CN
B50003,[ 竹筷 ] 5020 100X40,件,40 包,100 雙,,,,,CN
B50004,[ 竹筷 ] 5020 35X70,件,70 包,35 雙,,,,,CN
B50005,[ 竹筷 ] 5020 50X70,件,70 包,50 雙,,,,,CN
B50006,[ 竹筷 ] 5020 80X40,件,40 包,80 雙,,,,,CN
B50007,[ 竹筷 ] 5020 83X40,件,40 包,83 雙,,,,,CN
B50008,[ 竹筷 ] 5020 85X35,件,35 包,85 雙,,,,,CN
B50009,[ 竹筷 ] 5020 90X30,件,30 包,90 雙,,,,,CN
B50010,[ 竹筷 ] 5020 90X35,件,35 包,90 雙,,,,,CN
B50011,[ 竹筷 ] 5020 90X37,件,37 包,90 雙,,,,,CN
B50012,[ 竹筷 ] 5020 90X40,件,40 包,90 雙,,,,,CN
B50013,[ 竹筷 ] 5020 95X30,件,30 包,95 雙,,,,,CN
B50014,[ 竹筷 ] 5020 白身,件,1 件,,,,,,CN
B50015,[ 竹筷 ] 5020 80X30,件,30 包,80 雙,,,,,CN
B50016,[ 竹筷 ] 5020 80X35,件,35 包,80 雙,,,,,CN
B55001,[ 竹筷 ] 5520 100X25,件,25 包,100 雙,,,,,CN
B55002,[ 竹筷 ] 5520 100X27,件,27 包,100 雙,,,,,CN
B55003,[ 竹筷 ] 5520 100X30,件,30 包,70 雙,,,,,CN
B55004,[ 竹筷 ] 5520 70X30,件,30 件,75 雙,,,,,CN
B55005,[ 竹筷 ] 5520 75X25,件,25 包,75 雙,,,,,CN
B55006,[ 竹筷 ] 5520 75X30,件,30 包,80 雙,,,,,CN
B55007,[ 竹筷 ] 5520 80X25,件,25 包,80 雙,,,,,CN
B55008,[ 竹筷 ] 5520 80X30,件,30 包,80 雙,,,,,CN
B55009,[ 竹筷 ] 5520 80X35,件,35 包,80 雙,,,,,CN
B55010,[ 竹筷 ] 5520 80X40,件,40 包,80 雙,,,,,CN
B55011,[ 竹筷 ] 5520 85X30,件,30 包,80 雙,,,,,CN
B55012,[ 竹筷 ] 5520 88X25,件,25 包,88 雙,,,,,CN
B55013,[ 竹筷 ] 5520 88X26,件,26 包,88 雙,,,,,CN
B55014,[ 竹筷 ] 5520 90X24,件,24 包,90 雙,,,,,CN
B55015,[ 竹筷 ] 5520 90X25,件,25 包,90 雙,,,,,CN
B55016,[ 竹筷 ] 5520 90X30,件,30 包,90 雙,,,,,CN
B55017,[ 竹筷 ] 5520 白身,件,1 件,,,,,,CN
B55018,[ 竹筷 ] 5520 78X30,件,30 包,78 雙,,,,,CN
B55019,[ 竹筷 ] 5520 28X70,件,70 包,228 雙,,,,,CN
B60001,[ 竹筷 ] 6020 100X23,件,23 包,100 雙,,,,,CN
B60002,[ 竹筷 ] 6020 100X25,件,25 包,100 雙,,,,,CN
B60003,[ 竹筷 ] 6020 100X27,件,27 包,100 雙,,,,,CN
B60004,[ 竹筷 ] 6020 100X30,件,30 包,100 雙,,,,,CN
B60005,[ 竹筷 ] 6020 50X70,件,70 包,50 雙,,,,,CN
B60006,[ 竹筷 ] 6020 70X30,件,30 包,70 雙,,,,,CN
B60007,[ 竹筷 ] 6020 75X30,件,30 包,75 雙,,,,,CN
B60008,[ 竹筷 ] 6020 80X30,件,30 包,80 雙,,,,,CN
B60009,[ 竹筷 ] 6020 80X35,件,35 包,80 雙,,,,,CN
B60010,[ 竹筷 ] 6020 85X28,件,1 件,85 雙,,,,,CN
B60011,[ 竹筷 ] 6020 88X26,件,26 包,88 雙,,,,,CN
B60012,[ 竹筷 ] 6020 90X25,件,25 包,90 雙,,,,,CN
B60013,[ 竹筷 ] 6020 90X30,件,30 包,90 雙,,,,,CN
B60014,[ 竹筷 ] 6020 40X70,件,70 包,40 雙,,,,,CN
B60015,[ 竹筷 ] 6020 白身,件,1 件,,,,,,CN
B60016,[ 竹筷 ] 6020 25X70,件,70 包,25 雙,,,,,CN
B60017,[ 竹筷 ] 6020 85X30,件,30 包,85 雙,,,,,CN
B60018,[ 竹筷 ] 6020 40X68,件,68 包,40 雙,,,,,CN
B60019,[ 竹筷 ] 6020 83X30,件,30 包,83 雙,,,,,CN
B70001,[ 竹筷 ] 紙包公版雙生筷 70X25,件,25 包,70 雙,,,,,CN
B70002,[ 竹筷 ] 紙包公版雙生筷 80X25,件,25 包,80 雙,,,,,CN
B70003,[ 竹筷 ] 紙包私版雙生筷 100X20,件,20 包,100 雙,,,,,CN
B70004,[ 竹筷 ] 紙包私版雙生筷 80X25,件,25 包,80 雙,,,,,CN
B70005,[ 竹筷 ] 紙包私版雙生筷 90X20,件,20 包,90 雙,,,,,CN
B10001,"[ 竹串 ] 3"" 竹串 2.5 CN",包,20 包,,,,,,CN
B10002,"[ 竹串 ] 4""*12cm竹串 3.0 CN",包,20 包,,,,,,CN
B10003,"[ 竹串 ] 5""*15cm竹串 3.0 CN",包,20 包,,,,,,CN
B10004,"[ 竹串 ] 6""*18cm竹串 3.0 CN",包,20 包,,,,,,CN
B10005,"[ 竹串 ] 7""竹串 3.0 CN",包,20 包,,,,,,CN
B10006,"[ 竹串 ] 4""竹串 2.5 YH",包,20 包,,,,,,TW
B10007,"[ 竹串 ] 4""竹串 3.0 YH",包,20 包,,,,,,TW
B10008,"[ 竹串 ] 5""竹串 3.0 YH",包,20 包,,,,,,TW
B10009,"[ 竹串 ] 6""竹串 3.0 YH",包,20 包,,,,,,TW
B10010,"[ 竹串 ] 7""竹串 3.0 YH",包,20 包,,,,,,TW
B10011,"[ 竹串 ] 7""竹串 3.5 YH",包,20 包,,,,,,TW
B10012,"[ 竹串 ] 8""竹串 3.0 YH",包,20 包,,,,,,TW
B10013,"[ 竹串 ] 8""竹串4.3 YH",包,20 包,,,,,,TW
B10014,[ 竹串 ] 鐵砲串 12cm 250支x40包,箱,1 箱,,,,,,CN
B10015,[ 竹串 ] 鐵砲串 15cm 250支x40包,箱,1 箱,,,,,,CN
B10016,[ 竹串 ] 鐵砲串 18cm 250支x40包,箱,1 箱,,,,,,CN
B10017,"[ 竹串 ] 9""竹串4.3 YH",包,20 包,,,,,,TW
B10018,[ 竹串 ] 1尺竹串3.0 YH,包,20 包,,,,,,TW
B10019,"[ 竹串 ] 3""竹串 2.5 YH",包,20 包,,,,,,TW
B20001,[ 水果叉 ] CN 10cm*50盒,盒,50 盒,,,,,,CN
B30001,[ 牙籤 ] 雙頭牙籤粗(舒牙),包,50 包,,,,,,TW
B30002,[ 牙籤 ] 單頭牙籤粗(舒牙),包,75 包,,,,,,TW
B30003,[ 牙籤 ] 雙頭牙籤細,包,75 包,,,,,,
B30004,[ 牙籤 ] 紙包牙籤台,包,50 包,,,,,,
P30001,[ 橡皮筋 ] 橡皮筋#16,包,1 包,,,,,,
P30002,[ 橡皮筋 ] 橡皮筋#17,包,1 包,,,,,,
O50001,[ 衛生紙 ] 楓之戀300抽*30入,箱,1 箱,,,,,,
O50002,[ 衛生紙 ] 楓之戀8包*6串/箱,箱,1 箱,,,,,,
O50003,[ 衛生紙 ] 秋楓300抽*30入,箱,1 箱,,,,,,
O20001,[ 木炭 ] 木炭40斤,件,1 件,,,,,,
O20002,[ 木炭 ] 2斤,件,1 件,,,,,,
O20003,[ 木炭 ] 50斤,件,1 件,,,,,,
O20004,"[ 烤肉夾 ] 8"" 12個/捆",捆,1 捆,,,,,,
P10001, [包裝 ] 日文筷套 19.5cm,個,25000 個,,,,,,
P10002,[ 環保袋 ] SEP環保袋_1斤,包,150 包,,,,,,
P10003,[ 環保袋 ] SEP環保袋_2斤,包,150 包,,,,,,
P10004,[ 環保袋 ] SEP環保袋_3斤,包,150 包,,,,,,
P10005,[ 環保袋 ] SEP環保袋_4兩,包,150 包,,,,,,
P10006,[ 環保袋 ] SEP環保袋_5斤,包,150 包,,,,,,
P10007,[ 環保袋 ] SEP環保袋_半斤,包,150 包,,,,,,
P10008,[ 環保袋 ] SEP環保袋_一杯大,包,150 包,,,,,,
P10009,[ 環保袋 ] SEP環保袋_一杯,包,150 包,,,,,,
P10010, [包裝 ] 日文筷套 14.5cm,個,25000 個,,,,,,
P20001,[ 環保袋 ] 單色袋_綠1斤,包,80 包,,,,,,
P20002,[ 環保袋 ] 單色袋_橘2斤,包,80 包,,,,,,
P20003,[ 環保袋 ] 單色袋_粉3斤,包,80 包,,,,,,
P20004,[ 環保袋 ] 單色袋_粉4兩,包,80 包,,,,,,
P20005,[ 環保袋 ] 單色袋_綠5斤,包,80 包,,,,,,
P20006,[ 環保袋 ] 單色袋_黃5斤,包,80 包,,,,,,
P20007,[ 環保袋 ] 單色袋_紫6兩,包,80 包,,,,,,
P20008,[ 環保袋 ] 單色袋_黃半斤,包,80 包,,,,,,
P20009,[ 環保袋 ] 單色袋_透明2斤,包,80 包,,,,,,
P20010,[ 環保袋 ] 三角袋,小箱,5 小箱,,,,,,
O30001,[ 紙杯 ] 2.5oz 50入 x 40 串,箱,1 箱,,,,,,
E11001,[ NBR ] Yashimo 特級NBR無粉檢驗手套_S,盒,10 盒,,Y,特級 M=6.2g,Yashimo,S,MA
E11002,[ NBR ] Yashimo 特級NBR無粉檢驗手套_M,盒,10 盒,,Y,特級 M=6.2g,Yashimo,M,MA
E11003,[ NBR ] Yashimo 特級NBR無粉檢驗手套_L,盒,10 盒,,Y,特級 M=6.2g,Yashimo,L,MA
E11004,[ NBR ] Yashimo 特級NBR無粉檢驗手套_XL,盒,10 盒,,Y,特級 M=6.2g,Yashimo,XL,MA
E11005,[ NBR ] Yashimo 優級NBR無粉檢驗手套（台）_S,盒,10 盒,,Y,優級 M=5.5g,Yashimo,S,TW
E11006,[ NBR ] Yashimo 優級NBR無粉檢驗手套（台）_M,盒,10 盒,,Y,優級 M=5.5g,Yashimo,M,TW
E11007,[ NBR ] Yashimo 優級NBR無粉檢驗手套（台）_L,盒,10 盒,,Y,優級 M=5.5g,Yashimo,L,TW
E11008,[ NBR ] Yashimo 優級NBR無粉檢驗手套（台）_XL,盒,10 盒,,Y,優級 M=5.5g,Yashimo,XL,TW
E11009,[ NBR ] Yashimo 優級NBR無粉檢驗手套（印）_S,盒,10 盒,,Y,優級 M=5.5g,Yashimo,S,IN
E11010,[ NBR ] Yashimo 優級NBR無粉檢驗手套（印）_M,盒,10 盒,,Y,優級 M=5.5g,Yashimo,M,IN
E11011,[ NBR ] Yashimo 優級NBR無粉檢驗手套（印）_L,盒,10 盒,,Y,優級 M=5.5g,Yashimo,L,IN
E11012,[ NBR ] Yashimo 優級NBR無粉檢驗手套（印）_XL,盒,10 盒,,Y,優級 M=5.5g,Yashimo,XL,IN
E11013,[ NBR ] Yashimo NBR無粉檢驗手套 湛藍_S,盒,10 盒,,Y,湛藍 M=3.5g,Yashimo,S,CN
E11014,[ NBR ] Yashimo NBR無粉檢驗手套 湛藍_M,盒,10 盒,,Y,湛藍 M=3.5g,Yashimo,M,CN
E11015,[ NBR ] Yashimo NBR無粉檢驗手套 湛藍_L,盒,10 盒,,Y,湛藍 M=3.5g,Yashimo,L,CN
E11016,[ NBR ] Yashimo NBR無粉檢驗手套 湛藍_XL,盒,10 盒,,Y,湛藍 M=3.5g,Yashimo,XL,CN
E11017,[ NBR ] Yashimo 多功能NBR無粉手套 曜黑_S,盒,10 盒,,Y,曜黑 M=5g,Yashimo,S,CN
E11018,[ NBR ] Yashimo 多功能NBR無粉手套 曜黑_M,盒,10 盒,,Y,曜黑 M=5g,Yashimo,M,CN
E11019,[ NBR ] Yashimo 多功能NBR無粉手套 曜黑_L,盒,10 盒,,Y,曜黑 M=5g,Yashimo,L,CN
E11020,[ NBR ] Yashimo 多功能NBR無粉手套 曜黑_XL,盒,10 盒,,Y,曜黑 M=5g,Yashimo,XL,CN
E24001,[ 紙箱 ] 優級NBR紙箱 (回收)_M,個,1 個,,,回收,Yashimo,M,TW
E24002,[ 紙箱 ] 優級NBR紙箱 (回收)_L,個,1 個,,,回收,Yashimo,L,TW
E24003,[ 紙箱 ] 優級NBR紙箱 (回收)_XL,盒,1 個,,,回收,Yashimo,XL,TW
E24004,[ 紙箱 ] 優級NBR紙箱 (回收)_S,個,1 個,,,回收,Yashimo,S,TW
E12001,[ PVC ] Yashimo 特級PVC無粉檢驗手套_M,盒,10 盒,,,特級 M=5g,Yashimo,M,CN
E12002,[ PVC ] Yashimo 特級PVC無粉檢驗手套_L,盒,10 盒,,,特級 M=5g,Yashimo,L,CN
E12003,[ PVC ] Yashimo 特級PVC無粉檢驗手套_XL,盒,10 盒,,,特級 M=5g,Yashimo,XL,CN
E12004,[ PVC ] Yashimo 醫療級無粉檢驗手套_S,盒,10 盒,,,醫療 M=5g,Yashimo,S,CN
E12005,[ PVC ] Yashimo 醫療級無粉檢驗手套_M,盒,10 盒,,,醫療 M=5g,Yashimo,M,CN
E12006,[ PVC ] Yashimo 醫療級無粉檢驗手套_L,盒,10 盒,,,醫療 M=5g,Yashimo,L,CN
E12007,[ PVC ] Yashimo 醫療級無粉檢驗手套_XL,盒,10 盒,,,醫療 M=5g,Yashimo,XL,CN
E12008,[ PVC ] Yashimo 特級PVC無粉檢驗手套_S - 6盒入,盒,6 盒,,,特級 M=5g,Yashimo,S,CN
E12009,[ PVC ] Yashimo 特級PVC無粉檢驗手套_M - 6盒入,盒,6 盒,,,特級 M=5g,Yashimo,M,CN
E12010,[ PVC ] Yashimo 特級PVC無粉檢驗手套_L - 6盒入,盒,6 盒,,,特級 M=5g,Yashimo,L,CN
E12011,[ PVC ] Yashimo 特級PVC無粉檢驗手套_XL - 6盒入,盒,6 盒,,,特級 M=5g,Yashimo,XL,CN
E24005,[ 紙箱 ] 特級PVC紙箱_S,捆,1 個,,,PVC特級紙箱CN-S,Yashimo,S,CN
E24006,[ 紙箱 ] 特級PVC紙箱_M,個,1 個,,,PVC特級紙箱CN-M,Yashimo,M,CN
E24007,[ 紙箱 ] 特級PVC紙箱_L,個,1 個,,,PVC特級紙箱CN-L,Yashimo,L,CN
E24008,[ 紙箱 ] 特級PVC紙箱_XL,個,1 個,,,PVC特級紙箱CN-XL,Yashimo,XL,CN
E24009,[ 紙箱 ] EG紙箱(回收)_20盒大,個,1 個,,,回收 20盒大,EG,,-
E24010,[ 紙箱 ] RF紙箱(回收)_20盒大,個,1 個,,,回收 20盒大,RF,,-
E24011,[ 紙箱 ] 特級PVC紙箱_黑色字無產地,個,1 個,,,黑色字 無產地,Yashimo,-,TW
E22001,[ TPE ] Yashimo Ezwear 舒適環保手套 霧面_S,盒,10 盒,,,TPE 霧面,Yashimo,S,CN
E22002,[ TPE ] Yashimo Ezwear 舒適環保手套 霧面_Ｍ,盒,10 盒,,,TPE 霧面,Yashimo,M,CN
E22003,[ TPE ] Yashimo Ezwear 舒適環保手套 霧面_L,盒,10 盒,,,TPE 霧面,Yashimo,L,CN
E22004,[ TPE ] Yashimo Ezwear 舒適環保手套 霧面_XL,盒,10 盒,,,TPE 霧面,Yashimo,XL,CN
E22005,[ TPE ] Yashimo 安全無味環保手套 亮面_S,盒,10 盒,,,TPE 格紋,Yashimo,S,CN
E22006,[ TPE ] Yashimo 安全無味環保手套 亮面_M,盒,10 盒,,,TPE 格紋,Yashimo,M,CN
E22007,[ TPE ] Yashimo 安全無味環保手套 亮面_L,盒,10 盒,,,TPE 格紋,Yashimo,L,CN
E22008,[ TPE ] Yashimo 安全無味環保手套 亮面_XL,盒,10 盒,,,TPE 格紋,Yashimo,XL,CN
E20001,[ 家務PVC ] Yashimo 時尚防水家務手套 漸變 櫻花粉_S,雙,500 雙,,,漸變 櫻花粉,Yashimo,S,CN
E20002,[ 家務PVC ] Yashimo 時尚防水家務手套 漸變 櫻花粉_Ｍ,雙,500 雙,,,漸變 櫻花粉,Yashimo,M,CN
E20003,[ 家務PVC ] Yashimo 時尚防水家務手套 漸變 櫻花粉_L,雙,500 雙,,,漸變 櫻花粉,Yashimo,L,CN
E20004,[ 家務PVC ] Yashimo 時尚防水家務手套 漸變 櫻花粉_XL,雙,500 雙,,,漸變 櫻花粉,Yashimo,XL,CN
E20005,[ 家務PVC ] Yashimo 時尚防水家務手套 漸變 晴空藍_S,雙,500 雙,,,漸變 晴空藍,Yashimo,S,CN
E20006,[ 家務PVC ] Yashimo 時尚防水家務手套 漸變 晴空藍_Ｍ,雙,500 雙,,,漸變 晴空藍,Yashimo,M,CN
E20007,[ 家務PVC ] Yashimo 時尚防水家務手套 漸變 晴空藍_L,雙,500 雙,,,漸變 晴空藍,Yashimo,L,CN
E20008,[ 家務PVC ] Yashimo 時尚防水家務手套 漸變 晴空藍_XL,雙,500 雙,,,漸變 晴空藍,Yashimo,XL,CN
E20009,[ 家務PVC ] Yashimo 時尚防水家務手套 漸變 抹茶綠_S,雙,500 雙,,,漸變 抹茶綠,Yashimo,S,CN
E20010,[ 家務PVC ] Yashimo 時尚防水家務手套 漸變 抹茶綠_Ｍ,雙,500 雙,,,漸變 抹茶綠,Yashimo,M,CN
E20011,[ 家務PVC ] Yashimo 時尚防水家務手套 漸變 抹茶綠_L,雙,500 雙,,,漸變 抹茶綠,Yashimo,L,CN
E20012,[ 家務PVC ] Yashimo 時尚防水家務手套 漸變 抹茶綠_XL,雙,500 雙,,,漸變 抹茶綠,Yashimo,XL,CN
E20013,[ 家務PVC ] Yashimo 時尚防水家務手套 雪花白_S,雙,500 雙,,,單色 雪花白,Yashimo,S,CN
E20014,[ 家務PVC ] Yashimo 時尚防水家務手套 雪花白_Ｍ,雙,500 雙,,,單色 雪花白,Yashimo,M,CN
E20015,[ 家務PVC ] Yashimo 時尚防水家務手套 雪花白_L,雙,500 雙,,,單色 雪花白,Yashimo,L,CN
E20016,[ 家務PVC ] Yashimo 時尚防水家務手套 雪花白_XL,雙,500 雙,,,單色 雪花白,Yashimo,XL,CN
E20017,[ 家務PVC ] Yashimo 時尚防水家務手套 櫻花粉_S,雙,500 雙,,,單色 櫻花粉,Yashimo,S,CN
E20018,[ 家務PVC ] Yashimo 時尚防水家務手套 櫻花粉_Ｍ,雙,500 雙,,,單色 櫻花粉,Yashimo,M,CN
E20019,[ 家務PVC ] Yashimo 時尚防水家務手套 櫻花粉_L,雙,500 雙,,,單色 櫻花粉,Yashimo,L,CN
E20020,[ 家務PVC ] Yashimo 時尚防水家務手套 櫻花粉_XL,雙,500 雙,,,單色 櫻花粉,Yashimo,XL,CN
E20021,[ 家務PVC ] Yashimo 時尚防水家務手套 晴空藍_S,雙,500 雙,,,單色 晴空藍,Yashimo,S,CN
E20022,[ 家務PVC ] Yashimo 時尚防水家務手套 晴空藍_Ｍ,雙,500 雙,,,單色 晴空藍,Yashimo,M,CN
E20023,[ 家務PVC ] Yashimo 時尚防水家務手套 晴空藍_L,雙,500 雙,,,單色 晴空藍,Yashimo,L,CN
E20024,[ 家務PVC ] Yashimo 時尚防水家務手套 晴空藍_XL,雙,500 雙,,,單色 晴空藍,Yashimo,XL,CN
E20025,[ 家務PVC ] Yashimo 時尚防水家務手套 抹茶綠_S,雙,500 雙,,,單色 抹茶綠,Yashimo,S,CN
E20026,[ 家務PVC ] Yashimo 時尚防水家務手套 抹茶綠_Ｍ,雙,500 雙,,,單色 抹茶綠,Yashimo,M,CN
E20027,[ 家務PVC ] Yashimo 時尚防水家務手套 抹茶綠_L,雙,500 雙,,,單色 抹茶綠,Yashimo,L,CN
E20028,[ 家務PVC ] Yashimo 時尚防水家務手套 抹茶綠_XL,雙,500 雙,,,單色 抹茶綠,Yashimo,XL,CN
E15001,[ PU ] Yashimo PU手套 工業黑_S,包,30 包,,,單雙OPP袋 工業黑紗,Yashimo,S,CN
E15002,[ PU ] Yashimo PU手套 工業黑_M,包,30 包,,,單雙OPP袋 工業黑紗,Yashimo,M,CN
E15003,[ PU ] Yashimo PU手套 工業黑_L,包,30 包,,,單雙OPP袋 工業黑紗,Yashimo,L,CN
E15004,[ PU ] Yashimo PU手套 工業黑_XL,包,30 包,,,單雙OPP袋 工業黑紗,Yashimo,XL,CN
E15005,[ PU ] PU手套 環保包裝 工業黑_S,包,30 包,,,環保包 工業黑,-,S,CN
E15006,[ PU ] PU手套 環保包裝 工業黑_M,包,30 包,,,環保包 工業黑,-,M,CN
E15007,[ PU ] PU手套 環保包裝 工業黑_L,包,30 包,,,環保包 工業黑,-,L,CN
E15008,[ PU ] PU手套 環保包裝 工業黑_XL,包,30 包,,,環保包 工業黑,-,XL,CN
E15009,[ PU ] Yashimo 防護耐用多功能手套 工業黑_S,包,30 包,,,單雙彩袋 工業黑,Yashimo,S,CN
E15010,[ PU ] Yashimo 防護耐用多功能手套 工業黑_M,包,30 包,,,單雙彩袋 工業黑,Yashimo,M,CN
E15011,[ PU ] Yashimo 防護耐用多功能手套 工業黑_L,包,30 包,,,單雙彩袋 工業黑,Yashimo,L,CN
E15012,[ PU ] Yashimo 防護耐用多功能手套 工業黑_XL,包,30 包,,,單雙彩袋 工業黑,Yashimo,XL,CN
E15013,[ PU ] Yashimo PU手套 陽剛灰_S,包,30 包,,,單雙OPP袋 陽剛灰,Yashimo,S,CN
E15014,[ PU ] Yashimo PU手套 陽剛灰_M,包,30 包,,,單雙OPP袋 陽剛灰,Yashimo,M,CN
E15015,[ PU ] Yashimo PU手套 陽剛灰_L,包,30 包,,,單雙OPP袋 陽剛灰,Yashimo,L,CN
E15016,[ PU ] Yashimo PU手套 陽剛灰_XL,包,30 包,,,單雙OPP袋 陽剛灰,Yashimo,XL,CN
E15017,[ PU ] PU手套 環保包裝 陽剛灰_S,包,30 包,,,環保包 陽剛灰,-,S,CN
E15018,[ PU ] PU手套 環保包裝 陽剛灰_M,包,30 包,,,環保包 陽剛灰,-,M,CN
E15019,[ PU ] PU手套 環保包裝 陽剛灰_L,包,30 包,,,環保包 陽剛灰,-,L,CN
E15020,[ PU ] PU手套 環保包裝 陽剛灰_XL,包,30 包,,,環保包 陽剛灰,-,XL,CN
E15021,[ PU ] Yashimo 防護耐用多功能手套 陽剛灰_S,包,30 包,,,單雙彩袋 陽剛灰,Yashimo,S,CN
E15022,[ PU ] Yashimo 防護耐用多功能手套 陽剛灰_M,包,30 包,,,單雙彩袋 陽剛灰,Yashimo,M,CN
E15023,[ PU ] Yashimo 防護耐用多功能手套 陽剛灰_L,包,30 包,,,單雙彩袋 陽剛灰,Yashimo,L,CN
E15024,[ PU ] Yashimo 防護耐用多功能手套 陽剛灰_XL,包,30 包,,,單雙彩袋 陽剛灰,Yashimo,XL,CN
E15025,[ PU ] PU手套 環保包裝 清新白_S,包,30 包,,,環保包 清新白,-,S,CN
E15026,[ PU ] PU手套 環保包裝 清新白_M,包,30 包,,,環保包 清新白,-,M,CN
E15027,[ PU ] PU手套 環保包裝 清新白_L,包,30 包,,,環保包 清新白,-,L,CN
E15028,[ PU ] PU手套 環保包裝 清新白_XL,包,30 包,,,環保包 清新白,-,XL,CN
E15029,[ PU ] Yashimo PU手套 清新白_S,包,30 包,,,單雙OPP袋 清新白,Yashimo,S,CN
E15030,[ PU ] Yashimo PU手套 清新白_M,包,30 包,,,單雙OPP袋 清新白,Yashimo,M,CN
E15031,[ PU ] Yashimo PU手套 清新白_L,包,30 包,,,單雙OPP袋 清新白,Yashimo,L,CN
E15032,[ PU ] Yashimo PU手套 清新白_XL,包,30 包,,,單雙OPP袋 清新白,Yashimo,XL,CN
E15033,[ PU ] Yashimo 防護耐用多功能手套 清新白_S,包,30 包,,,單雙彩袋 清新白,Yashimo,S,CN
E15034,[ PU ] Yashimo 防護耐用多功能手套 清新白_M,包,30 包,,,單雙彩袋 清新白,Yashimo,M,CN
E15035,[ PU ] Yashimo 防護耐用多功能手套 清新白_L,包,30 包,,,單雙彩袋 清新白,Yashimo,L,CN
E15036,[ PU ] Yashimo 防護耐用多功能手套 清新白_XL,包,30 包,,,單雙彩袋 清新白,Yashimo,XL,CN
E18001,[ 碳纖維 ] Yashimo 碳纖維手套_S,包,30 包,,,無膠,Yashimo,S,CN
E18002,[ 碳纖維 ] Yashimo 碳纖維手套_M,包,30 包,,,無膠,Yashimo,M,CN
E18003,[ 碳纖維 ] Yashimo 碳纖維手套_L,包,30 包,,,無膠,Yashimo,L,CN
E18004,[ 碳纖維 ] Yashimo 碳纖維手套_XL,包,30 包,,,無膠,Yashimo,XL,CN
E18005,[ 碳纖維 ] Yashimo 碳纖維手套 指浸_S,包,30 包,,,白PU指浸,Yashimo,S,CN
E18006,[ 碳纖維 ] Yashimo 碳纖維手套 指浸_Ｍ,包,30 包,,,白PU指浸,Yashimo,M,CN
E18007,[ 碳纖維 ] Yashimo 碳纖維手套 指浸_L,包,30 包,,,白PU指浸,Yashimo,L,CN
E18008,[ 碳纖維 ] Yashimo 碳纖維手套 指浸_XL,包,30 包,,,白PU指浸,Yashimo,XL,CN
E18009,[ 碳纖維 ] Yashimo 碳纖維手套 掌浸_S,包,30 包,,,白PU掌浸,Yashimo,S,CN
E18010,[ 碳纖維 ] Yashimo 碳纖維手套 掌浸_M,包,30 包,,,白PU掌浸,Yashimo,M,CN
E18011,[ 碳纖維 ] Yashimo 碳纖維手套 掌浸_L,包,30 包,,,白PU掌浸,Yashimo,L,CN
E18012,[ 碳纖維 ] Yashimo 碳纖維手套 掌浸_XL,包,30 包,,,白PU掌浸,Yashimo,XL,CN
E17001,[ 皺膠 ] Yashhimo 皺紋乳膠止滑耐磨手套 烈焰紅_S,打,20 打,,,烈焰紅,Yashimo,S,CN
E17002,[ 皺膠 ] Yashhimo 皺紋乳膠止滑耐磨手套 烈焰紅_Ｍ,打,20 打,,,烈焰紅,Yashimo,M,CN
E17003,[ 皺膠 ] Yashhimo 皺紋乳膠止滑耐磨手套 烈焰紅_L,打,20 打,,,烈焰紅,Yashimo,L,CN
E17004,[ 皺膠 ] Yashhimo 皺紋乳膠止滑耐磨手套 海洋藍_S,打,20 打,,,海洋藍,Yashimo,S,CN
E17005,[ 皺膠 ] Yashhimo 皺紋乳膠止滑耐磨手套 海洋藍_Ｍ,打,20 打,,,海洋藍,Yashimo,M,CN
E17006,[ 皺膠 ] Yashhimo 皺紋乳膠止滑耐磨手套 海洋藍_L,打,20 打,,,海洋藍,Yashimo,L,CN
E14001,[ 沾膠 ] Yashimo金牌 天然乳膠沾膠手套_7針L,打,15 打,,,7針白紗,Yashimo,L,CN
E14002,[ 沾膠 ] Yashimo金牌 天然乳膠沾膠手套_10針L,打,15 打,,,7針白紗,Yashimo,L,CN
E14003,[ 沾膠 ] Yashimo 燈罩棉10針沾膠手套,打,15 打,,,7針白紗,Yashimo,L,CN
E16001,[ N發 ] Yashimo 亮彩舒適多用途手套 工業黑_S,打,25 打,,,工業黑,Yashimo,S,CN
E16002,[ N發 ] Yashimo 亮彩舒適多用途手套 工業黑_Ｍ,打,25 打,,,工業黑,Yashimo,M,CN
E16003,[ N發 ] Yashimo 亮彩舒適多用途手套 工業黑_L,打,25 打,,,工業黑,Yashimo,L,CN
E16004,[ N發 ] Yashimo 亮彩舒適多用途手套 工業黑_XL,打,25 打,,,工業黑,Yashimo,XL,CN
E16005,[ N發 ] Yashimo 亮彩舒適多用途手套 陽剛灰_S,打,25 打,,,陽剛灰,Yashimo,S,CN
E16006,[ N發 ] Yashimo 亮彩舒適多用途手套 陽剛灰_Ｍ,打,25 打,,,陽剛灰,Yashimo,M,CN
E16007,[ N發 ] Yashimo 亮彩舒適多用途手套 陽剛灰_L,打,25 打,,,陽剛灰,Yashimo,L,CN
E16008,[ N發 ] Yashimo 亮彩舒適多用途手套 陽剛灰_XL,打,25 打,,,陽剛灰,Yashimo,XL,CN
E16009,[ N發 ] Yashimo 亮彩舒適多用途手套 海洋藍_S,打,25 打,,,海洋藍,Yashimo,S,CN
E16010,[ N發 ] Yashimo 亮彩舒適多用途手套 海洋藍_Ｍ,打,25 打,,,海洋藍,Yashimo,M,CN
E16011,[ N發 ] Yashimo 亮彩舒適多用途手套 海洋藍_L,打,25 打,,,海洋藍,Yashimo,L,CN
E16012,[ N發 ] Yashimo 亮彩舒適多用途手套 海洋藍_XL,打,25 打,,,海洋藍,Yashimo,XL,CN
E16013,[ N發 ] Yashimo 亮彩舒適多用途手套 活力橘_S,打,25 打,,,活力橘,Yashimo,S,CN
E16014,[ N發 ] Yashimo 亮彩舒適多用途手套 活力橘_Ｍ,打,25 打,,,活力橘,Yashimo,M,CN
E16015,[ N發 ] Yashimo 亮彩舒適多用途手套 活力橘_L,打,25 打,,,活力橘,Yashimo,L,CN
E16016,[ N發 ] Yashimo 亮彩舒適多用途手套 活力橘_XL,打,25 打,,,活力橘,Yashimo,XL,CN
E16017,[ N發 ] Yashimo 亮彩舒適多用途手套 松花綠_S,打,25 打,,,松花綠,Yashimo,S,CN
E16018,[ N發 ] Yashimo 亮彩舒適多用途手套 松花綠_Ｍ,打,25 打,,,松花綠,Yashimo,M,CN
E16019,[ N發 ] Yashimo 亮彩舒適多用途手套 松花綠_L,打,25 打,,,松花綠,Yashimo,L,CN
E16020,[ N發 ] Yashimo 亮彩舒適多用途手套 松花綠_XL,打,25 打,,,松花綠,Yashimo,XL,CN
E16021,[ N發 ] Yashimo 亮彩舒適多用途手套 陽光黃_S,打,25 打,,,陽光黃,Yashimo,S,CN
E16022,[ N發 ] Yashimo 亮彩舒適多用途手套 陽光黃_Ｍ,打,25 打,,,陽光黃,Yashimo,M,CN
E16023,[ N發 ] Yashimo 亮彩舒適多用途手套 陽光黃_L,打,25 打,,,陽光黃,Yashimo,L,CN
E16024,[ N發 ] Yashimo 亮彩舒適多用途手套 陽光黃_XL,打,25 打,,,陽光黃,Yashimo,XL,CN
E23001,[ N亮 ] Yashimo 亮面NBR手套 工業黑_S,打,25 打,,,工業黑,Yashimo,S,CN
E23002,[ N亮 ] Yashimo 亮面NBR手套 工業黑_M,打,25 打,,,工業黑,Yashimo,M,CN
E23003,[ N亮 ] Yashimo 亮面NBR手套 工業黑_L,打,25 打,,,工業黑,Yashimo,L,CN
E23004,[ N亮 ] Yashimo 亮面NBR手套 工業黑_XL,打,25 打,,,工業黑,Yashimo,XL,CN
E23005,[ N亮 ] Yashimo 亮面NBR手套 烈焰紅_S,打,25 打,,,烈焰紅,Yashimo,S,CN
E23006,[ N亮 ] Yashimo 亮面NBR手套 烈焰紅_M,打,25 打,,,烈焰紅,Yashimo,M,CN
E23007,[ N亮 ] Yashimo 亮面NBR手套 烈焰紅_L,打,25 打,,,烈焰紅,Yashimo,L,CN
E23008,[ N亮 ] Yashimo 亮面NBR手套 烈焰紅_XL,打,25 打,,,烈焰紅,Yashimo,XL,CN
E21001,[ 作業手套 ] 100%純棉_S,打,100 打,,[ 酒精噴瓶 ],100%純棉,-,S,CN
E21002,[ 作業手套 ] 100%純棉_M,打,100 打,,,100%純棉,-,M,CN
E21003,[ 作業手套 ] 100%純棉_L,打,100 打,,,100%純棉,-,L,CN
E21004,[ 作業手套 ] 100%純棉_XL,打,100 打,,,100%純棉,-,XL,CN
E21005,[ 作業手套 ] TC_S,打,100 打,,,TC,-,S,CN
E21006,[ 作業手套 ] TC_M,打,100 打,,,TC,-,M,CN
E21007,[ 作業手套 ] TC_L,打,100 打,,,TC,-,L,CN
E21008,[ 作業手套 ] TC_XL,打,100 打,,,TC,-,XL,CN
E99001,[ 酒精噴瓶 ] 透明款,箱,1 箱,,,透明,-,-,CN
E99002,[ 酒精噴瓶 ] 童趣水彩款,箱,1 箱,,,童趣水彩,Yashimo,-,CN
E99003,[ 酒精噴瓶 ] 率性刷色款,箱,1 箱,,,率性刷色,Yashimo,-,CN
E99004,[ 酒精噴瓶 ] 漏斗,箱,1 箱,,,酒精漏斗,-,-,CN
E99005,[ 酒精噴瓶 ] 上蓋,箱,1 箱,,,酒精上蓋組,-,-,CN
E12012,"[ PVC ] ADWIN PVC 9""_S",箱,10 盒,,,,ADWIN,S,
E12013,"[ PVC ] ADWIN PVC 9""_M",箱,10 盒,,,,ADWIN,M,
E12014,"[ PVC ] ADWIN PVC 9""_L",箱,10 盒,,,,ADWIN,L,
E12015,"[ PVC ] ADWIN PVC 9""_XL",箱,10 盒,,,,ADWIN,XL,
E12016,"[ PVC ] 拋棄式Disposable PVC 9""_S",箱,10 盒,,,拋棄式,Disposable,S,
E12017,"[ PVC ] 拋棄式Disposable PVC 9""_M",箱,10 盒,,,拋棄式,Disposable,M,
E12018,"[ PVC ] 拋棄式Disposable PVC 9""_L",箱,10 盒,,,拋棄式,Disposable,L,
E12019,"[ PVC ] 拋棄式Disposable PVC 9""_XL",箱,10 盒,,,拋棄式,Disposable,XL,
E12020,"[ PVC ] Medihand美恆 PVC 9""_S",箱,10 盒,,,,MEDIHAND,S,
E12021,"[ PVC ] Medihand美恆 PVC 9""_M",箱,10 盒,,,,MEDIHAND,M,
E12022,"[ PVC ] Medihand美恆 PVC 9""_L",箱,10 盒,,,,MEDIHAND,L,
E12023,"[ PVC ] Medihand美恆 PVC 9""_XL",箱,10 盒,,,,MEDIHAND,XL,
E12024,"[ PVC ] TOP ONE PVC 9""_S",箱,10 盒,,,,TOP ONE,S,
E12025,"[ PVC ] TOP ONE PVC 9""_M",箱,10 盒,,,,TOP ONE,M,
E12026,"[ PVC ] TOP ONE PVC 9""_L",箱,10 盒,,,,TOP ONE,L,
E12027,"[ PVC ] TOP ONE PVC 9""_XL",箱,10 盒,,,,TOP ONE,XL,
E12028,"[ PVC ] 巧福CHEA-FWU PVC 9"" (盒底印字)_S",箱,10 盒,,,盒底CHEA-FWU,"CHEA-FWU
 (巧福)",S,
E12029,"[ PVC ] 巧福CHEA-FWU PVC 9"" (盒底印字)_M",箱,10 盒,,,盒底CHEA-FWU,"CHEA-FWU
 (巧福)",M,
E12030,"[ PVC ] 巧福CHEA-FWU PVC 9"" (盒底印字)_L",箱,10 盒,,,盒底CHEA-FWU,"CHEA-FWU
 (巧福)",L,
E12031,"[ PVC ] 巧福CHEA-FWU PVC 9"" (盒底印字)_XL",箱,10 盒,,,盒底CHEA-FWU,"CHEA-FWU
 (巧福)",XL,
E12032,"[ PVC ] PM醫博康Evolguard PVC 9""_S",箱,10 盒,,,,醫博康Evolguard,S,
E12033,"[ PVC ] PM醫博康Evolguard PVC 9""_M",箱,10 盒,,,,醫博康Evolguard,M,
E12034,"[ PVC ] PM醫博康Evolguard PVC 9""_L",箱,10 盒,,,,醫博康Evolguard,L,
E12035,"[ PVC ] PM醫博康Evolguard PVC 9""_XL",箱,10 盒,,,,醫博康Evolguard,XL,
E12036,"[ PVC ] PM金長榮 PVC 9"" (真空包)_S",箱,10 包,,,真空包,金長榮,S,
E12037,"[ PVC ] PM金長榮 PVC 9"" (真空包)_M",箱,10 包,,,真空包,金長榮,M,
E12038,"[ PVC ] PM金長榮 PVC 9"" (真空包)_L",箱,10 包,,,真空包,金長榮,L,
E12039,"[ PVC ] PM金長榮 PVC 9"" (真空包)_XL",箱,10 包,,,真空包,金長榮,XL,
E12040,"[ PVC ] PM金長榮 PVC 9"" (盒底空白)_S",箱,10 盒,,,盒底空白,金長榮,S,
E12041,"[ PVC ] PM金長榮 PVC 9"" (盒底空白)_M",箱,10 盒,,,盒底空白,金長榮,M,
E12042,"[ PVC ] PM金長榮 PVC 9"" (盒底空白)_L",箱,10 盒,,,盒底空白,金長榮,L,
E12043,"[ PVC ] PM金長榮 PVC 9"" (盒底空白)_XL",箱,10 盒,,,盒底空白,金長榮,XL,
E95001,[ 口罩 ] FT 醫療雙鋼印4D口罩 (20片入)_雪花白,盒,50 盒,,,醫療雙鋼印4D,FT,雪花白,TW
E95002,[ 口罩 ] FT 醫療雙鋼印4D口罩 (20片入)_莫藍,盒,50 盒,,,醫療雙鋼印4D,FT,莫藍,TW
E95003,[ 口罩 ] FT 醫療雙鋼印4D口罩 (20片入)_莫紅,盒,50 盒,,,醫療雙鋼印4D,FT,莫紅,TW
E95004,[ 口罩 ] FT 醫療雙鋼印4D口罩 (20片入)_水晶綠,盒,50 盒,,,醫療雙鋼印4D,FT,水晶綠,TW
E95005,[ 口罩 ] FT 醫療雙鋼印4D口罩 (20片入)_莫綠,盒,50 盒,,,醫療雙鋼印4D,FT,莫綠,TW
E95006,[ 口罩 ] FT 醫療雙鋼印4D口罩 (20片入)_莫紫,盒,50 盒,,,醫療雙鋼印4D,FT,莫紫,TW
E95007,[ 口罩 ] FT 醫療雙鋼印4D口罩 (20片入)_黛妃紫,盒,50 盒,,,醫療雙鋼印4D,FT,黛妃紫,TW
E95008,[ 口罩 ] FT 醫療雙鋼印4D口罩 (20片入)_哈密瓜,盒,50 盒,,,醫療雙鋼印4D,FT,哈密瓜,TW
E95009,[ 口罩 ] FT 醫療雙鋼印4D口罩 (20片入)_奶茶,盒,50 盒,,,醫療雙鋼印4D,FT,奶茶,TW
E95010,[ 口罩 ] FT 醫療雙鋼印4D口罩 (20片入)_太妃紅,盒,50 盒,,,醫療雙鋼印4D,FT,太妃紅,TW
E95011,[ 口罩 ] FT 醫療雙鋼印4D口罩 (20片入)_沙漠玫瑰,盒,50 盒,,,醫療雙鋼印4D,FT,沙漠玫瑰,TW
E95012,[ 口罩 ] FT 醫療雙鋼印4D口罩 (20片入)_沙漠綠洲,盒,50 盒,,,醫療雙鋼印4D,FT,沙漠綠洲,TW
E95013,[ 口罩 ] FT 醫療雙鋼印4D口罩 (20片入)_瓷青,盒,50 盒,,,醫療雙鋼印4D,FT,瓷青,TW
E95014,[ 口罩 ] FT 醫療雙鋼印4D口罩 (20片入)_絲襪奶茶,盒,50 盒,,,醫療雙鋼印4D,FT,絲襪奶茶,TW
E95015,[ 口罩 ] FT 醫療雙鋼印4D口罩 (20片入)_銀河灰,盒,50 盒,,,醫療雙鋼印4D,FT,銀河灰,TW
E95016,[ 口罩 ] FT 醫療雙鋼印4D口罩 (20片入)_藏青,盒,50 盒,,,醫療雙鋼印4D,FT,藏青,TW
E95017,[ 口罩 ] FT 醫療雙鋼印4D口罩 (20片入)_藕粉,盒,50 盒,,,醫療雙鋼印4D,FT,藕粉,TW
E13001,[ 棉紗 ] 飛馬牌 本白7G_16兩,打,40 打,,,本白7G 16兩,飛馬牌,,CN
E13002,[ 棉紗 ] 飛馬牌 本白7G_20兩,打,40 打,,,本白7G 20兩,飛馬牌,,CN
E13003,[ 棉紗 ] 飛馬牌 本白7G_24兩,打,40 打,,,本白7G 24兩,飛馬牌,,CN
E13004,[ 棉紗 ] 飛馬牌 灰7G_16兩,打,40 打,,,灰7G 16兩,飛馬牌,,CN
E13005,[ 棉紗 ] 飛馬牌 灰7G_20兩,打,40 打,,,灰7G 20兩,飛馬牌,,CN
O60001,[ 彈性商品 ] ,單,1 單,,,,,,
O70001,[ 吸管 ] 斜口 12x18 透 單,1,1 單,,,,,,
E12044,[ PVC ] Yashimo 特級PVC無粉檢驗手套_S,盒,10 盒,,,特級 M=5g,Yashimo,S,CN
E11021,[ NBR ] Yashimo 專業料理用 食品天藍_S,盒,10 盒,,Y,天藍 M=3.5g,Yashimo,S,CN
E11022,[ NBR ] Yashimo 專業料理用 食品天藍_M,盒,10 盒,,Y,天藍 M=3.5g,Yashimo,M,CN
E11023,[ NBR ] Yashimo 專業料理用 食品天藍_L,盒,10 盒,,Y,天藍 M=3.5g,Yashimo,L,CN
E11024,[ NBR ] Yashimo 專業料理用 食品天藍_XL,盒,10 盒,,Y,天藍 M=3.5g,Yashimo,XL,CN
O70002,[ 吸管 ] 斜口 6x18 透 單,1,1 單,,,,,,
O70003,[ 吸管 ] 斜口 6x21 透 單,1,1 單,,,,,,